{"cameraMode":{"drawMode":2,"name":"Shaded Wireframe","section":"Shading Mode"},"sceneLighting":true,"audioPlay":false,"sceneViewState":{"m_AlwaysRefresh":false,"showFog":true,"showSkybox":true,"showFlares":true,"showImageEffects":true,"showParticleSystems":true,"showVisualEffectGraphs":true,"m_FxEnabled":true},"in2DMode":false,"pivot":{"x":-0.08865547180175781,"y":2.6894378662109377,"z":0.09484195709228516},"rotation":{"x":0.05163155496120453,"y":0.20870843529701234,"z":-0.01098704431205988,"w":0.9765826463699341},"size":8.275696754455567,"orthographic":false}