{"cameraMode":{"drawMode":1,"name":"Wireframe","section":"Shading Mode"},"sceneLighting":true,"audioPlay":false,"sceneViewState":{"m_AlwaysRefresh":false,"showFog":true,"showSkybox":true,"showFlares":true,"showImageEffects":true,"showParticleSystems":true,"showVisualEffectGraphs":true,"m_FxEnabled":true},"in2DMode":false,"pivot":{"x":-1.1299210786819459,"y":2.2263591289520265,"z":-6.118546009063721},"rotation":{"x":-0.12597383558750153,"y":-0.008881911635398865,"z":0.0011141145369037986,"w":-0.992020845413208},"size":5.819347381591797,"orthographic":false}