{"cameraMode":{"drawMode":1,"name":"Wireframe","section":"Shading Mode"},"sceneLighting":true,"audioPlay":false,"sceneViewState":{"m_AlwaysRefresh":false,"showFog":true,"showSkybox":true,"showFlares":true,"showImageEffects":true,"showParticleSystems":true,"showVisualEffectGraphs":true,"m_FxEnabled":true},"in2DMode":false,"pivot":{"x":2.0190415382385256,"y":-0.5829468965530396,"z":1.7617120742797852},"rotation":{"x":-0.10271469503641129,"y":-0.21164017915725709,"z":0.022355126217007638,"w":-0.9717058539390564},"size":5.819347381591797,"orthographic":false}