{"cameraMode":{"drawMode":2,"name":"Shaded Wireframe","section":"Shading Mode"},"sceneLighting":true,"audioPlay":false,"sceneViewState":{"m_AlwaysRefresh":false,"showFog":true,"showSkybox":true,"showFlares":true,"showImageEffects":true,"showParticleSystems":true,"showVisualEffectGraphs":true,"m_FxEnabled":true},"in2DMode":false,"pivot":{"x":58.15888214111328,"y":39.944156646728519,"z":227.04742431640626},"rotation":{"x":-0.08652590960264206,"y":0.03585412725806236,"z":0.003135005244985223,"w":0.9956240057945252},"size":121.13101196289063,"orthographic":false}